,Demanda
2024-03-01 12:00:00,10453909.85
2024-03-01 13:00:00,10396734.62
2024-03-01 14:00:00,10560375.99
2024-03-01 15:00:00,10834348.97
2024-03-01 16:00:00,10844525.26
2024-03-01 17:00:00,10648900.16
2024-03-01 18:00:00,10351362.79
2024-03-01 19:00:00,10750086.13
2024-03-01 20:00:00,10966415.42
2024-03-01 21:00:00,10762646.46
2024-03-01 22:00:00,10306481.59
2024-03-01 23:00:00,9787502.71
2024-03-02 00:00:00,9193336.17
2024-03-02 01:00:00,8654324.23
2024-03-02 02:00:00,8342329.02
2024-03-02 03:00:00,8096092.09
2024-03-02 04:00:00,7970589.38
2024-03-02 05:00:00,7976858.97
2024-03-02 06:00:00,8112750.11
2024-03-02 07:00:00,8177787.98
2024-03-02 08:00:00,8631976.27
2024-03-02 09:00:00,9238947.81
2024-03-02 10:00:00,9690827.67
2024-03-02 11:00:00,9998323.57
2024-03-02 12:00:00,10196625.54
2024-03-02 13:00:00,10155557.54
2024-03-02 14:00:00,10066829.4
2024-03-02 15:00:00,10054846.9
2024-03-02 16:00:00,9931026.85
2024-03-02 17:00:00,9832524.35
2024-03-02 18:00:00,9769938.19
2024-03-02 19:00:00,10328576.8
2024-03-02 20:00:00,10463132.07
2024-03-02 21:00:00,10162885.61
2024-03-02 22:00:00,9795500.12
2024-03-02 23:00:00,9352659.42
2024-03-03 00:00:00,8721765.31
2024-03-03 01:00:00,8313454.01
2024-03-03 02:00:00,7966318.24
2024-03-03 03:00:00,7678337.52
2024-03-03 04:00:00,7484080.24
2024-03-03 05:00:00,7348890.06
2024-03-03 06:00:00,7304816.09
2024-03-03 07:00:00,7087243.29
2024-03-03 08:00:00,7309648.5
2024-03-03 09:00:00,7556870.22
2024-03-03 10:00:00,7928996.77
2024-03-03 11:00:00,8291614.16
2024-03-03 12:00:00,8536064.41
2024-03-03 13:00:00,8653388.76
2024-03-03 14:00:00,8721350.5
2024-03-03 15:00:00,8636385.3
2024-03-03 16:00:00,8606195.25
2024-03-03 17:00:00,8594199.32
2024-03-03 18:00:00,8643535.06
2024-03-03 19:00:00,9439628.77
2024-03-03 20:00:00,9846620.78
2024-03-03 21:00:00,9779868.92
2024-03-03 22:00:00,9560696.13
2024-03-03 23:00:00,9087258.96
2024-03-04 00:00:00,8592523.03
2024-03-04 01:00:00,8096234.11
2024-03-04 02:00:00,7870148.95
2024-03-04 03:00:00,7693253.36
2024-03-04 04:00:00,7635106.05
2024-03-04 05:00:00,7791156.99
2024-03-04 06:00:00,8300428.19
2024-03-04 07:00:00,8606070.82
2024-03-04 08:00:00,9043282.58
2024-03-04 09:00:00,9557393.64
2024-03-04 10:00:00,10000896.51
2024-03-04 11:00:00,10348377.11
2024-03-04 12:00:00,10728224.86
2024-03-04 13:00:00,10649128.24
2024-03-04 14:00:00,10850533.54
2024-03-04 15:00:00,11108614.26
2024-03-04 16:00:00,11052956.73
2024-03-04 17:00:00,10841252.82
2024-03-04 18:00:00,10474547.29
2024-03-04 19:00:00,10791165.48
2024-03-04 20:00:00,11127976.52
2024-03-04 21:00:00,11011835.45
2024-03-04 22:00:00,10589109.36
2024-03-04 23:00:00,9939376.82
2024-03-05 00:00:00,9146227.2
2024-03-05 01:00:00,8567438.36
2024-03-05 02:00:00,8291498.73
2024-03-05 03:00:00,8083407.59
2024-03-05 04:00:00,7997735.05
2024-03-05 05:00:00,8156532.1
2024-03-05 06:00:00,8682624.06
2024-03-05 07:00:00,8752331.72
2024-03-05 08:00:00,9302718.92
2024-03-05 09:00:00,9856033.46
2024-03-05 10:00:00,10050656.48
2024-03-05 11:00:00,10479004.56
2024-03-05 12:00:00,10784848.38
2024-03-05 13:00:00,10494358.24
2024-03-05 14:00:00,10763352.84
2024-03-05 15:00:00,11074065.16
2024-03-05 16:00:00,11132645.42
2024-03-05 17:00:00,10992625.96
2024-03-05 18:00:00,10691513.68
2024-03-05 19:00:00,11086466.9
2024-03-05 20:00:00,11359697.07
2024-03-05 21:00:00,11179006.64
2024-03-05 22:00:00,10661337.06
2024-03-05 23:00:00,10011830.36
2024-03-06 00:00:00,9417265.09
2024-03-06 01:00:00,8877788.74
2024-03-06 02:00:00,8488267.61
2024-03-06 03:00:00,8253104.54
2024-03-06 04:00:00,8154571.19
2024-03-06 05:00:00,8324486.02
2024-03-06 06:00:00,8810996.03
2024-03-06 07:00:00,9011787.57
2024-03-06 08:00:00,9379745.16
2024-03-06 09:00:00,9815198.64
2024-03-06 10:00:00,10053483.8
2024-03-06 11:00:00,10398681.67
2024-03-06 12:00:00,10759766.65
2024-03-06 13:00:00,10685918.1
2024-03-06 14:00:00,10875282.56
2024-03-06 15:00:00,11134011.2
2024-03-06 16:00:00,11207029.43
2024-03-06 17:00:00,11070291.63
2024-03-06 18:00:00,10732500.0
2024-03-06 19:00:00,11195406.25
2024-03-06 20:00:00,11449904.03
2024-03-06 21:00:00,11274591.6
2024-03-06 22:00:00,10804505.59
2024-03-06 23:00:00,10071492.04
2024-03-07 00:00:00,9546381.34
2024-03-07 01:00:00,8826177.19
2024-03-07 02:00:00,8497465.83
2024-03-07 03:00:00,8247269.36
2024-03-07 04:00:00,8163144.09
2024-03-07 05:00:00,8325288.19
2024-03-07 06:00:00,8817964.02
2024-03-07 07:00:00,8886459.08
2024-03-07 08:00:00,9264533.43
2024-03-07 09:00:00,9837913.51
2024-03-07 10:00:00,10119229.07
2024-03-07 11:00:00,10500127.62
2024-03-07 12:00:00,10776669.45
2024-03-07 13:00:00,10803085.6
2024-03-07 14:00:00,11035025.48
2024-03-07 15:00:00,11256533.95
2024-03-07 16:00:00,11344690.21
2024-03-07 17:00:00,11055518.28
2024-03-07 18:00:00,10712855.71
2024-03-07 19:00:00,11317171.82
2024-03-07 20:00:00,11522204.58
2024-03-07 21:00:00,11332549.85
2024-03-07 22:00:00,10723125.77
2024-03-07 23:00:00,10134565.49
2024-03-08 00:00:00,9365697.49
2024-03-08 01:00:00,9001866.88
2024-03-08 02:00:00,8721322.36
2024-03-08 03:00:00,8474653.31
2024-03-08 04:00:00,8398861.36
2024-03-08 05:00:00,8460250.56
2024-03-08 06:00:00,9016134.31
2024-03-08 07:00:00,9146474.54
2024-03-08 08:00:00,9582079.3
2024-03-08 09:00:00,9988107.16
2024-03-08 10:00:00,10251201.6
2024-03-08 11:00:00,10638600.93
2024-03-08 12:00:00,10925567.14
2024-03-08 13:00:00,10910535.17
2024-03-08 14:00:00,11044249.12
2024-03-08 15:00:00,11256138.42
2024-03-08 16:00:00,11282797.36
2024-03-08 17:00:00,11099311.84
2024-03-08 18:00:00,10707657.73
2024-03-08 19:00:00,11258739.47
2024-03-08 20:00:00,11443757.25
2024-03-08 21:00:00,11209935.82
2024-03-08 22:00:00,10588909.28
2024-03-08 23:00:00,10131277.76
2024-03-09 00:00:00,9593635.01
2024-03-09 01:00:00,9139325.59
2024-03-09 02:00:00,8789577.66
2024-03-09 03:00:00,8541830.25
2024-03-09 04:00:00,8345819.5
2024-03-09 05:00:00,8347850.84
2024-03-09 06:00:00,8481553.73
2024-03-09 07:00:00,8541551.02
2024-03-09 08:00:00,8953451.07
2024-03-09 09:00:00,9527362.91
2024-03-09 10:00:00,10040176.66
2024-03-09 11:00:00,10306162.48
2024-03-09 12:00:00,10479936.6
2024-03-09 13:00:00,10349669.47
2024-03-09 14:00:00,10239582.42
2024-03-09 15:00:00,10161082.69
2024-03-09 16:00:00,10165660.48
2024-03-09 17:00:00,10004180.1
2024-03-09 18:00:00,9928891.57
2024-03-09 19:00:00,10534755.11
2024-03-09 20:00:00,10728184.59
2024-03-09 21:00:00,10425036.18
2024-03-09 22:00:00,9954726.37
2024-03-09 23:00:00,9412448.35
2024-03-10 00:00:00,8956928.76
2024-03-10 01:00:00,8498754.2
2024-03-10 02:00:00,8167378.5
2024-03-10 03:00:00,7915865.56
2024-03-10 04:00:00,7751614.44
2024-03-10 05:00:00,7668894.68
2024-03-10 06:00:00,7603633.28
2024-03-10 07:00:00,7404518.88
2024-03-10 08:00:00,7643241.55
2024-03-10 09:00:00,7974817.86
2024-03-10 10:00:00,8283360.84
2024-03-10 11:00:00,8806406.96
2024-03-10 12:00:00,9013931.68
2024-03-10 13:00:00,9124012.27
2024-03-10 14:00:00,9185161.73
2024-03-10 15:00:00,9170370.95
2024-03-10 16:00:00,9148712.7
2024-03-10 17:00:00,9092997.01
2024-03-10 18:00:00,9077334.26
2024-03-10 19:00:00,9886294.35
2024-03-10 20:00:00,10314687.81
2024-03-10 21:00:00,10256931.63
2024-03-10 22:00:00,9990150.54
2024-03-10 23:00:00,9496701.25
2024-03-11 00:00:00,8841493.45
2024-03-11 01:00:00,8599556.18
2024-03-11 02:00:00,8288526.14
2024-03-11 03:00:00,8012523.1
2024-03-11 04:00:00,7948878.57
2024-03-11 05:00:00,8135236.46
2024-03-11 06:00:00,8637172.48
2024-03-11 07:00:00,8791018.92
2024-03-11 08:00:00,9251948.36
2024-03-11 09:00:00,9879695.19
2024-03-11 10:00:00,10170527.86
2024-03-11 11:00:00,10451695.64
2024-03-11 12:00:00,10758505.08
2024-03-11 13:00:00,10628711.01
2024-03-11 14:00:00,10787216.65
2024-03-11 15:00:00,10999549.4
2024-03-11 16:00:00,11014139.34
2024-03-11 17:00:00,10885201.07
2024-03-11 18:00:00,10550264.34
2024-03-11 19:00:00,11128313.35
2024-03-11 20:00:00,11349066.07
2024-03-11 21:00:00,11201792.83
2024-03-11 22:00:00,10676956.93
2024-03-11 23:00:00,9978015.61
2024-03-12 00:00:00,9349465.48
2024-03-12 01:00:00,8748901.19
2024-03-12 02:00:00,8479601.81
2024-03-12 03:00:00,8264420.42
2024-03-12 04:00:00,8140182.89
2024-03-12 05:00:00,8309369.05
2024-03-12 06:00:00,8807563.21
2024-03-12 07:00:00,8908449.93
2024-03-12 08:00:00,9324509.21
2024-03-12 09:00:00,9784945.35
2024-03-12 10:00:00,10180997.91
2024-03-12 11:00:00,10578009.5
2024-03-12 12:00:00,10894257.33
2024-03-12 13:00:00,10925185.08
2024-03-12 14:00:00,11074759.2
2024-03-12 15:00:00,11306613.89
2024-03-12 16:00:00,11365791.44
2024-03-12 17:00:00,11266638.67
2024-03-12 18:00:00,10882227.7
2024-03-12 19:00:00,11262636.78
2024-03-12 20:00:00,11498752.8
2024-03-12 21:00:00,11337406.83
2024-03-12 22:00:00,10842731.72
2024-03-12 23:00:00,10172098.37
2024-03-13 00:00:00,9443205.55
2024-03-13 01:00:00,8913867.73
2024-03-13 02:00:00,8578354.41
2024-03-13 03:00:00,8386763.52
2024-03-13 04:00:00,8250114.18
2024-03-13 05:00:00,8430979.98
2024-03-13 06:00:00,8919053.72
2024-03-13 07:00:00,9004583.09
2024-03-13 08:00:00,9520363.58
2024-03-13 09:00:00,10020074.1
2024-03-13 10:00:00,10343255.58
2024-03-13 11:00:00,10685811.08
2024-03-13 12:00:00,10903013.11
2024-03-13 13:00:00,10817108.81
2024-03-13 14:00:00,11036402.85
2024-03-13 15:00:00,11333642.58
2024-03-13 16:00:00,11346539.01
2024-03-13 17:00:00,11259789.83
2024-03-13 18:00:00,10876016.95
2024-03-13 19:00:00,11234646.68
2024-03-13 20:00:00,11484147.5
2024-03-13 21:00:00,11286335.72
2024-03-13 22:00:00,10812875.38
2024-03-13 23:00:00,10185467.75
2024-03-14 00:00:00,9577698.55
2024-03-14 01:00:00,9057375.42
2024-03-14 02:00:00,8691119.58
2024-03-14 03:00:00,8467511.77
2024-03-14 04:00:00,8339304.14
2024-03-14 05:00:00,8470070.58
2024-03-14 06:00:00,8956140.25
2024-03-14 07:00:00,9082238.41
2024-03-14 08:00:00,9514026.34
2024-03-14 09:00:00,10073066.87
2024-03-14 10:00:00,10330249.05
2024-03-14 11:00:00,10751500.36
2024-03-14 12:00:00,10993301.19
2024-03-14 13:00:00,10957668.94
2024-03-14 14:00:00,11125946.97
2024-03-14 15:00:00,11319917.28
2024-03-14 16:00:00,11340376.93
2024-03-14 17:00:00,11149539.28
2024-03-14 18:00:00,10788751.91
2024-03-14 19:00:00,11130792.87
2024-03-14 20:00:00,11364681.65
2024-03-14 21:00:00,11216015.43
2024-03-14 22:00:00,10829081.15
2024-03-14 23:00:00,10234107.41
2024-03-15 00:00:00,9626652.43
2024-03-15 01:00:00,9038674.07
2024-03-15 02:00:00,8684565.83
2024-03-15 03:00:00,8458267.84
2024-03-15 04:00:00,8365898.63
2024-03-15 05:00:00,8507856.3
2024-03-15 06:00:00,8990517.26
2024-03-15 07:00:00,9091781.21
2024-03-15 08:00:00,9536841.54
2024-03-15 09:00:00,9993341.62
2024-03-15 10:00:00,10391699.82
2024-03-15 11:00:00,10787236.61
2024-03-15 12:00:00,11039584.92
2024-03-15 13:00:00,10936435.81
2024-03-15 14:00:00,11095355.61
2024-03-15 15:00:00,11328550.35
2024-03-15 16:00:00,11342304.82
2024-03-15 17:00:00,11108172.33
2024-03-15 18:00:00,10724630.97
2024-03-15 19:00:00,11139846.5
2024-03-15 20:00:00,11326639.03
2024-03-15 21:00:00,11149591.09
2024-03-15 22:00:00,10757295.21
2024-03-15 23:00:00,10265875.7
2024-03-16 00:00:00,9657926.6
2024-03-16 01:00:00,9120311.35
2024-03-16 02:00:00,8788200.52
2024-03-16 03:00:00,8525341.39
2024-03-16 04:00:00,8373645.69
2024-03-16 05:00:00,8355921.78
2024-03-16 06:00:00,8485948.15
2024-03-16 07:00:00,8596467.74
2024-03-16 08:00:00,9104660.03
2024-03-16 09:00:00,9706036.63
2024-03-16 10:00:00,10060240.17
2024-03-16 11:00:00,10408124.26
2024-03-16 12:00:00,10673704.56
2024-03-16 13:00:00,10606864.88
2024-03-16 14:00:00,10523482.84
2024-03-16 15:00:00,10440010.23
2024-03-16 16:00:00,10372617.85
2024-03-16 17:00:00,10201838.52
2024-03-16 18:00:00,10095541.54
2024-03-16 19:00:00,10814163.96
2024-03-16 20:00:00,10962174.23
2024-03-16 21:00:00,10667238.59
2024-03-16 22:00:00,10134645.04
2024-03-16 23:00:00,9686910.04
2024-03-17 00:00:00,9178062.28
2024-03-17 01:00:00,8719995.53
2024-03-17 02:00:00,8393754.11
2024-03-17 03:00:00,8141730.64
2024-03-17 04:00:00,7946191.83
2024-03-17 05:00:00,7810879.77
2024-03-17 06:00:00,7715098.73
2024-03-17 07:00:00,7501634.83
2024-03-17 08:00:00,7710564.34
2024-03-17 09:00:00,8030360.38
2024-03-17 10:00:00,8424476.6
2024-03-17 11:00:00,8732948.1
2024-03-17 12:00:00,8950035.78
2024-03-17 13:00:00,9160175.56
2024-03-17 14:00:00,9169029.2
2024-03-17 15:00:00,9129297.54
2024-03-17 16:00:00,9091567.81
2024-03-17 17:00:00,9087478.79
2024-03-17 18:00:00,9062723.42
2024-03-17 19:00:00,9818664.48
2024-03-17 20:00:00,10227272.22
2024-03-17 21:00:00,10194426.63
2024-03-17 22:00:00,9994107.71
2024-03-17 23:00:00,9504810.1
2024-03-18 00:00:00,8992206.32
2024-03-18 01:00:00,8516355.52
2024-03-18 02:00:00,8239636.88
2024-03-18 03:00:00,8040551.12
2024-03-18 04:00:00,7938123.53
2024-03-18 05:00:00,8091375.14
2024-03-18 06:00:00,8578236.13
2024-03-18 07:00:00,8710776.18
2024-03-18 08:00:00,9237699.4
2024-03-18 09:00:00,9887878.23
2024-03-18 10:00:00,10256150.65
2024-03-18 11:00:00,10623927.91
2024-03-18 12:00:00,10822539.18
2024-03-18 13:00:00,10774439.42
2024-03-18 14:00:00,11027015.58
2024-03-18 15:00:00,11239967.34
2024-03-18 16:00:00,11258099.45
2024-03-18 17:00:00,11079978.13
2024-03-18 18:00:00,10793729.9
2024-03-18 19:00:00,11326432.86
2024-03-18 20:00:00,11558433.45
2024-03-18 21:00:00,11398037.63
2024-03-18 22:00:00,10853801.44
2024-03-18 23:00:00,10194290.53
2024-03-19 00:00:00,9513347.25
2024-03-19 01:00:00,9022910.99
2024-03-19 02:00:00,8717002.5
2024-03-19 03:00:00,8455331.7
2024-03-19 04:00:00,8321012.21
2024-03-19 05:00:00,8490561.35
2024-03-19 06:00:00,8972793.43
2024-03-19 07:00:00,9086139.28
2024-03-19 08:00:00,9488891.47
2024-03-19 09:00:00,9998489.4
2024-03-19 10:00:00,10284887.29
2024-03-19 11:00:00,10661278.97
2024-03-19 12:00:00,10982889.33
2024-03-19 13:00:00,10927701.98
2024-03-19 14:00:00,11067266.0
2024-03-19 15:00:00,11164900.75
2024-03-19 16:00:00,11175118.2
2024-03-19 17:00:00,10979429.87
2024-03-19 18:00:00,10646908.54
2024-03-19 19:00:00,11071413.28
2024-03-19 20:00:00,11266601.17
2024-03-19 21:00:00,11131735.51
2024-03-19 22:00:00,10723914.57
2024-03-19 23:00:00,9960508.14
2024-03-20 00:00:00,9244263.73
2024-03-20 01:00:00,8826137.11
2024-03-20 02:00:00,8473844.37
2024-03-20 03:00:00,8253345.12
2024-03-20 04:00:00,8149395.38
2024-03-20 05:00:00,8292560.3
2024-03-20 06:00:00,8772027.43
2024-03-20 07:00:00,8897405.85
2024-03-20 08:00:00,9296201.92
2024-03-20 09:00:00,9902118.21
2024-03-20 10:00:00,10173651.63
2024-03-20 11:00:00,10575625.73
2024-03-20 12:00:00,10881207.27
2024-03-20 13:00:00,10862715.52
2024-03-20 14:00:00,11007196.23
2024-03-20 15:00:00,11176323.0
2024-03-20 16:00:00,11169129.77
2024-03-20 17:00:00,10948888.41
2024-03-20 18:00:00,10688970.92
2024-03-20 19:00:00,11068439.78
2024-03-20 20:00:00,11265759.48
2024-03-20 21:00:00,11066405.4
2024-03-20 22:00:00,10534842.05
2024-03-20 23:00:00,9901810.77
2024-03-21 00:00:00,9388418.39
2024-03-21 01:00:00,8750266.1
2024-03-21 02:00:00,8466633.57
2024-03-21 03:00:00,8220863.34
2024-03-21 04:00:00,8092842.26
2024-03-21 05:00:00,8288369.5
2024-03-21 06:00:00,8754509.08
2024-03-21 07:00:00,8886286.61
2024-03-21 08:00:00,9291850.65
2024-03-21 09:00:00,9746047.36
2024-03-21 10:00:00,10121376.22
2024-03-21 11:00:00,10441527.01
2024-03-21 12:00:00,10717792.99
2024-03-21 13:00:00,10662465.28
2024-03-21 14:00:00,10798594.85
2024-03-21 15:00:00,11037367.43
2024-03-21 16:00:00,11096512.85
2024-03-21 17:00:00,10937710.13
2024-03-21 18:00:00,10518017.49
2024-03-21 19:00:00,11028799.87
2024-03-21 20:00:00,11172188.6
2024-03-21 21:00:00,11018741.25
2024-03-21 22:00:00,10531203.46
2024-03-21 23:00:00,9938341.27
2024-03-22 00:00:00,9340223.2
2024-03-22 01:00:00,8818982.07
2024-03-22 02:00:00,8487870.88
2024-03-22 03:00:00,8277646.19
2024-03-22 04:00:00,8182367.85
2024-03-22 05:00:00,8343691.19
2024-03-22 06:00:00,8738461.72
2024-03-22 07:00:00,8841526.46
2024-03-22 08:00:00,9257423.57
2024-03-22 09:00:00,9746660.43
2024-03-22 10:00:00,10045198.91
2024-03-22 11:00:00,10376903.49
2024-03-22 12:00:00,10692458.7
2024-03-22 13:00:00,10719157.19
2024-03-22 14:00:00,10871920.49
2024-03-22 15:00:00,11106091.28
2024-03-22 16:00:00,11124231.56
2024-03-22 17:00:00,10979160.29
2024-03-22 18:00:00,10585816.71
2024-03-22 19:00:00,11096328.39
2024-03-22 20:00:00,11475255.64
2024-03-22 21:00:00,11312600.1
2024-03-22 22:00:00,10733207.25
2024-03-22 23:00:00,10123725.42
2024-03-23 00:00:00,9500902.7
2024-03-23 01:00:00,9074095.51
2024-03-23 02:00:00,8773310.81
2024-03-23 03:00:00,8573595.87
2024-03-23 04:00:00,8424851.44
2024-03-23 05:00:00,8404944.85
2024-03-23 06:00:00,8308649.76
2024-03-23 07:00:00,8376542.15
2024-03-23 08:00:00,8879669.15
2024-03-23 09:00:00,9398592.38
2024-03-23 10:00:00,9824161.01
2024-03-23 11:00:00,10088653.83
2024-03-23 12:00:00,10304410.96
2024-03-23 13:00:00,10274627.47
2024-03-23 14:00:00,10204989.79
2024-03-23 15:00:00,10179578.65
2024-03-23 16:00:00,10054593.59
2024-03-23 17:00:00,9916164.16
2024-03-23 18:00:00,9905067.53
2024-03-23 19:00:00,10569881.56
2024-03-23 20:00:00,10717042.58
2024-03-23 21:00:00,10426598.6
2024-03-23 22:00:00,10119694.42
2024-03-23 23:00:00,9672544.43
2024-03-24 00:00:00,9227762.0
2024-03-24 01:00:00,8745515.37
2024-03-24 02:00:00,8369811.26
2024-03-24 03:00:00,8118304.24
2024-03-24 04:00:00,7971592.39
2024-03-24 05:00:00,7814109.97
2024-03-24 06:00:00,7770703.98
2024-03-24 07:00:00,7479956.58
2024-03-24 08:00:00,7787780.59
2024-03-24 09:00:00,8185746.5
2024-03-24 10:00:00,8553430.78
2024-03-24 11:00:00,8787832.67
2024-03-24 12:00:00,8999840.85
2024-03-24 13:00:00,9166094.04
2024-03-24 14:00:00,9244268.78
2024-03-24 15:00:00,9219708.14
2024-03-24 16:00:00,9185353.9
2024-03-24 17:00:00,9095116.41
2024-03-24 18:00:00,9044773.39
2024-03-24 19:00:00,9840248.5
2024-03-24 20:00:00,10152435.93
2024-03-24 21:00:00,10055269.47
2024-03-24 22:00:00,9787001.65
2024-03-24 23:00:00,9442569.71
2024-03-25 00:00:00,9010832.41
2024-03-25 01:00:00,8368009.87
2024-03-25 02:00:00,8200634.35
2024-03-25 03:00:00,8022022.9
2024-03-25 04:00:00,7770429.32
2024-03-25 05:00:00,7662265.06
2024-03-25 06:00:00,7672966.51
2024-03-25 07:00:00,7607722.95
2024-03-25 08:00:00,8030444.8
2024-03-25 09:00:00,8602665.31
2024-03-25 10:00:00,8987851.71
2024-03-25 11:00:00,9197540.33
2024-03-25 12:00:00,9509841.97
2024-03-25 13:00:00,9629188.97
2024-03-25 14:00:00,9643680.51
2024-03-25 15:00:00,9585096.45
2024-03-25 16:00:00,9556719.39
2024-03-25 17:00:00,9498630.8
2024-03-25 18:00:00,9431458.44
2024-03-25 19:00:00,10167645.87
2024-03-25 20:00:00,10461391.43
2024-03-25 21:00:00,10317732.58
2024-03-25 22:00:00,9937727.72
2024-03-25 23:00:00,9508697.07
2024-03-26 00:00:00,9009844.38
2024-03-26 01:00:00,8539653.0
2024-03-26 02:00:00,8270651.68
2024-03-26 03:00:00,8057452.18
2024-03-26 04:00:00,7939087.45
2024-03-26 05:00:00,8056232.07
2024-03-26 06:00:00,8247969.38
2024-03-26 07:00:00,8389366.38
2024-03-26 08:00:00,8753809.78
2024-03-26 09:00:00,9489903.6
2024-03-26 10:00:00,9805787.45
2024-03-26 11:00:00,10106065.35
2024-03-26 12:00:00,10629938.12
2024-03-26 13:00:00,10702331.97
2024-03-26 14:00:00,10887477.71
2024-03-26 15:00:00,11118277.85
2024-03-26 16:00:00,11183619.83
2024-03-26 17:00:00,10924192.74
2024-03-26 18:00:00,10415912.8
2024-03-26 19:00:00,10726143.6
2024-03-26 20:00:00,10965953.8
2024-03-26 21:00:00,10748334.38
2024-03-26 22:00:00,10409109.02
2024-03-26 23:00:00,9904776.33
2024-03-27 00:00:00,9225152.62
2024-03-27 01:00:00,8489793.54
2024-03-27 02:00:00,8180113.87
2024-03-27 03:00:00,7946310.01
2024-03-27 04:00:00,7798431.47
2024-03-27 05:00:00,7964335.41
2024-03-27 06:00:00,8173744.28
2024-03-27 07:00:00,8313051.34
2024-03-27 08:00:00,8811180.6
2024-03-27 09:00:00,9302878.24
2024-03-27 10:00:00,9533745.45
2024-03-27 11:00:00,9776786.63
2024-03-27 12:00:00,9941064.36
2024-03-27 13:00:00,9989533.79
2024-03-27 14:00:00,9983094.62
2024-03-27 15:00:00,10074329.26
2024-03-27 16:00:00,10040434.15
2024-03-27 17:00:00,9840612.77
2024-03-27 18:00:00,9667145.92
2024-03-27 19:00:00,10174876.03
2024-03-27 20:00:00,10306150.38
2024-03-27 21:00:00,10139777.72
2024-03-27 22:00:00,9740220.75
2024-03-27 23:00:00,9285117.49
2024-03-28 00:00:00,8853944.38
2024-03-28 01:00:00,8381845.24
2024-03-28 02:00:00,8056371.68
2024-03-28 03:00:00,7799103.78
2024-03-28 04:00:00,7742641.26
2024-03-28 05:00:00,7655495.77
2024-03-28 06:00:00,7626784.6
2024-03-28 07:00:00,7421176.5
2024-03-28 08:00:00,7642042.19
2024-03-28 09:00:00,7892235.69
2024-03-28 10:00:00,8178369.11
2024-03-28 11:00:00,8476080.52
2024-03-28 12:00:00,8715783.17
2024-03-28 13:00:00,8763653.21
2024-03-28 14:00:00,8803380.68
2024-03-28 15:00:00,8725541.13
2024-03-28 16:00:00,8551238.78
2024-03-28 17:00:00,8351592.46
2024-03-28 18:00:00,8506071.09
2024-03-28 19:00:00,9201650.91
2024-03-28 20:00:00,9447935.74
2024-03-28 21:00:00,9308646.37
2024-03-28 22:00:00,9074203.71
2024-03-28 23:00:00,8764853.66
2024-03-29 00:00:00,8310096.75
2024-03-29 01:00:00,7859375.9
2024-03-29 02:00:00,7523047.32
2024-03-29 03:00:00,7311461.31
2024-03-29 04:00:00,7363915.83
2024-03-29 05:00:00,7320494.02
2024-03-29 06:00:00,7232856.05
2024-03-29 07:00:00,7028122.36
2024-03-29 08:00:00,7254133.16
2024-03-29 09:00:00,7491405.0
2024-03-29 10:00:00,7741726.72
2024-03-29 11:00:00,7971913.19
2024-03-29 12:00:00,8203487.18
2024-03-29 13:00:00,8368767.43
2024-03-29 14:00:00,8430452.25
2024-03-29 15:00:00,8485037.6
2024-03-29 16:00:00,8416218.62
2024-03-29 17:00:00,8343331.32
2024-03-29 18:00:00,8307048.1
2024-03-29 19:00:00,8889154.55
2024-03-29 20:00:00,9088370.88
2024-03-29 21:00:00,9070969.86
2024-03-29 22:00:00,8935683.23
2024-03-29 23:00:00,8748261.33
2024-03-30 00:00:00,8358358.67
2024-03-30 01:00:00,8064060.87
2024-03-30 02:00:00,7798716.89
2024-03-30 03:00:00,7434607.02
2024-03-30 04:00:00,7377748.02
2024-03-30 05:00:00,7395348.36
2024-03-30 06:00:00,7346779.4
2024-03-30 07:00:00,7329668.62
2024-03-30 08:00:00,7749718.2
2024-03-30 09:00:00,8334006.89
2024-03-30 10:00:00,8672744.31
2024-03-30 11:00:00,9028646.18
2024-03-30 12:00:00,9198586.55
2024-03-30 13:00:00,9357458.21
2024-03-30 14:00:00,9394950.75
2024-03-30 15:00:00,9380140.84
2024-03-30 16:00:00,9342502.04
2024-03-30 17:00:00,9257028.38
2024-03-30 18:00:00,9233420.49
2024-03-30 19:00:00,9839162.2
2024-03-30 20:00:00,10011360.81
2024-03-30 21:00:00,9764480.38
2024-03-30 22:00:00,9471252.98
2024-03-30 23:00:00,9104383.28
2024-03-31 00:00:00,8694130.33
2024-03-31 01:00:00,8165148.22
2024-03-31 02:00:00,8006347.86
2024-03-31 03:00:00,7757886.2
2024-03-31 04:00:00,7617595.64
2024-03-31 05:00:00,7532658.73
2024-03-31 06:00:00,7481660.78
2024-03-31 07:00:00,7317054.24
2024-03-31 08:00:00,7575990.24
2024-03-31 09:00:00,7947108.28
2024-03-31 10:00:00,8237482.77
2024-03-31 11:00:00,8526375.66
2024-03-31 12:00:00,8681133.98
2024-03-31 13:00:00,8800153.23
2024-03-31 14:00:00,8806018.74
2024-03-31 15:00:00,8762024.73
2024-03-31 16:00:00,8686086.61
2024-03-31 17:00:00,8705937.1
2024-03-31 18:00:00,8690255.44
2024-03-31 19:00:00,9480186.98
2024-03-31 20:00:00,9796305.79
2024-03-31 21:00:00,9719064.01
2024-03-31 22:00:00,9483931.08
2024-03-31 23:00:00,9127286.68
2024-04-01 00:00:00,8595852.58
2024-04-01 01:00:00,8177406.91
2024-04-01 02:00:00,8057202.83
2024-04-01 03:00:00,7867905.43
2024-04-01 04:00:00,7780504.32
2024-04-01 05:00:00,7906020.76
2024-04-01 06:00:00,8255098.27
2024-04-01 07:00:00,8394875.85
2024-04-01 08:00:00,9051964.37
2024-04-01 09:00:00,9633172.21
2024-04-01 10:00:00,9958955.6
2024-04-01 11:00:00,10089638.59
2024-04-01 12:00:00,10385867.85
2024-04-01 13:00:00,10315163.36
2024-04-01 14:00:00,10469500.18
2024-04-01 15:00:00,10729809.81
2024-04-01 16:00:00,10720812.93
2024-04-01 17:00:00,10530494.1
2024-04-01 18:00:00,10315814.98
2024-04-01 19:00:00,10435744.91
2024-04-01 20:00:00,10584368.37
2024-04-01 21:00:00,10566279.78
2024-04-01 22:00:00,10117963.87
2024-04-01 23:00:00,9559654.53
2024-04-02 00:00:00,9116076.53
2024-04-02 01:00:00,8630841.44
2024-04-02 02:00:00,8312361.25
2024-04-02 03:00:00,8098199.65
2024-04-02 04:00:00,7977944.49
2024-04-02 05:00:00,8136393.52
2024-04-02 06:00:00,8564783.73
2024-04-02 07:00:00,8620920.08
2024-04-02 08:00:00,8963358.51
2024-04-02 09:00:00,9384145.96
2024-04-02 10:00:00,9482311.99
2024-04-02 11:00:00,9755840.03
2024-04-02 12:00:00,10024394.93
2024-04-02 13:00:00,10030934.14
2024-04-02 14:00:00,10149488.94
2024-04-02 15:00:00,10341732.23
2024-04-02 16:00:00,10367176.39
2024-04-02 17:00:00,10205853.74
2024-04-02 18:00:00,9913040.59
2024-04-02 19:00:00,10367274.37
2024-04-02 20:00:00,10524318.29
2024-04-02 21:00:00,10333317.52
2024-04-02 22:00:00,9908789.06
2024-04-02 23:00:00,9299758.95
2024-04-03 00:00:00,8738033.94
2024-04-03 01:00:00,8387094.83
2024-04-03 02:00:00,8177962.27
2024-04-03 03:00:00,8033722.48
2024-04-03 04:00:00,7985201.49
2024-04-03 05:00:00,8214468.94
2024-04-03 06:00:00,8571436.23
2024-04-03 07:00:00,8633475.66
2024-04-03 08:00:00,9105988.91
2024-04-03 09:00:00,9494469.66
2024-04-03 10:00:00,9722607.85
2024-04-03 11:00:00,9996744.06
2024-04-03 12:00:00,10190770.26
2024-04-03 13:00:00,10133030.05
2024-04-03 14:00:00,10266568.03
2024-04-03 15:00:00,10475519.52
2024-04-03 16:00:00,10447646.27
2024-04-03 17:00:00,10300782.51
2024-04-03 18:00:00,10066244.2
2024-04-03 19:00:00,10501601.44
2024-04-03 20:00:00,10704506.15
2024-04-03 21:00:00,10533878.93
2024-04-03 22:00:00,10078676.42
2024-04-03 23:00:00,9446560.19
2024-04-04 00:00:00,8854353.16
2024-04-04 01:00:00,8404337.12
2024-04-04 02:00:00,8144646.56
2024-04-04 03:00:00,7994459.81
2024-04-04 04:00:00,7952998.63
2024-04-04 05:00:00,8053775.11
2024-04-04 06:00:00,8554169.73
2024-04-04 07:00:00,8920191.11
2024-04-04 08:00:00,9237073.75
2024-04-04 09:00:00,9530510.13
2024-04-04 10:00:00,9802873.67
2024-04-04 11:00:00,10059898.69
2024-04-04 12:00:00,10167011.09
2024-04-04 13:00:00,10124785.78
2024-04-04 14:00:00,10275922.5
2024-04-04 15:00:00,10354310.67
2024-04-04 16:00:00,10298486.39
2024-04-04 17:00:00,10164235.97
2024-04-04 18:00:00,9995584.01
2024-04-04 19:00:00,10420520.5
2024-04-04 20:00:00,10608712.39
2024-04-04 21:00:00,10427558.3
2024-04-04 22:00:00,9968591.16
2024-04-04 23:00:00,9308985.22
2024-04-05 00:00:00,8871984.25
2024-04-05 01:00:00,8355678.54
2024-04-05 02:00:00,8070135.97
2024-04-05 03:00:00,7870205.11
2024-04-05 04:00:00,7806858.75
2024-04-05 05:00:00,8002321.98
2024-04-05 06:00:00,8462821.2
2024-04-05 07:00:00,8586820.52
2024-04-05 08:00:00,9025283.34
2024-04-05 09:00:00,9727088.65
2024-04-05 10:00:00,10078185.61
2024-04-05 11:00:00,10502846.02
2024-04-05 12:00:00,10727829.46
2024-04-05 13:00:00,10647816.29
2024-04-05 14:00:00,10829924.24
2024-04-05 15:00:00,10996339.23
2024-04-05 16:00:00,11042234.2
2024-04-05 17:00:00,10891498.53
2024-04-05 18:00:00,10515023.16
2024-04-05 19:00:00,10845314.17
2024-04-05 20:00:00,10964414.25
2024-04-05 21:00:00,10808866.82
2024-04-05 22:00:00,10541780.99
2024-04-05 23:00:00,9870367.69
2024-04-06 00:00:00,9388620.1
2024-04-06 01:00:00,8901480.38
2024-04-06 02:00:00,8528516.55
2024-04-06 03:00:00,8449747.58
2024-04-06 04:00:00,8279703.79
2024-04-06 05:00:00,8282544.79
2024-04-06 06:00:00,8380828.8
2024-04-06 07:00:00,8457634.08
2024-04-06 08:00:00,8943643.2
2024-04-06 09:00:00,9381611.08
2024-04-06 10:00:00,9680123.2
2024-04-06 11:00:00,9946301.2
2024-04-06 12:00:00,10265288.13
2024-04-06 13:00:00,10233330.22
2024-04-06 14:00:00,10141883.68
2024-04-06 15:00:00,10111829.36
2024-04-06 16:00:00,10063336.63
2024-04-06 17:00:00,9969865.66
2024-04-06 18:00:00,9699179.27
2024-04-06 19:00:00,10238672.53
2024-04-06 20:00:00,10367429.3
2024-04-06 21:00:00,10089876.04
2024-04-06 22:00:00,9736339.53
2024-04-06 23:00:00,9478437.31
2024-04-07 00:00:00,9038457.95
2024-04-07 01:00:00,8441177.57
2024-04-07 02:00:00,8130547.2
2024-04-07 03:00:00,7884477.57
2024-04-07 04:00:00,7809209.53
2024-04-07 05:00:00,7699118.87
2024-04-07 06:00:00,7583806.43
2024-04-07 07:00:00,7297254.72
2024-04-07 08:00:00,7582683.42
2024-04-07 09:00:00,7958518.42
2024-04-07 10:00:00,8320509.19
2024-04-07 11:00:00,8744497.14
2024-04-07 12:00:00,9059509.67
2024-04-07 13:00:00,9212547.27
2024-04-07 14:00:00,9231972.82
2024-04-07 15:00:00,9161440.44
2024-04-07 16:00:00,9173852.11
2024-04-07 17:00:00,9091374.85
2024-04-07 18:00:00,9071920.63
2024-04-07 19:00:00,9840059.44
2024-04-07 20:00:00,10189712.9
2024-04-07 21:00:00,10151189.7
2024-04-07 22:00:00,9891562.43
2024-04-07 23:00:00,9451308.99
2024-04-08 00:00:00,8950020.91
2024-04-08 01:00:00,8572007.47
2024-04-08 02:00:00,8262172.71
2024-04-08 03:00:00,8030495.16
2024-04-08 04:00:00,7940618.82
2024-04-08 05:00:00,8139377.81
2024-04-08 06:00:00,8577700.86
2024-04-08 07:00:00,8755498.62
2024-04-08 08:00:00,9254944.66
2024-04-08 09:00:00,9685884.11
2024-04-08 10:00:00,9879479.35
2024-04-08 11:00:00,10233511.26
2024-04-08 12:00:00,10553755.59
2024-04-08 13:00:00,10451863.29
2024-04-08 14:00:00,10606106.6
2024-04-08 15:00:00,10815493.9
2024-04-08 16:00:00,10823895.31
2024-04-08 17:00:00,10668019.31
2024-04-08 18:00:00,10285656.15
2024-04-08 19:00:00,10769662.2
2024-04-08 20:00:00,10933859.56
2024-04-08 21:00:00,10778253.67
2024-04-08 22:00:00,10266489.47
2024-04-08 23:00:00,9650808.43
2024-04-09 00:00:00,9092593.87
2024-04-09 01:00:00,8622567.41
2024-04-09 02:00:00,8337747.86
2024-04-09 03:00:00,8168616.27
2024-04-09 04:00:00,8043990.68
2024-04-09 05:00:00,8179945.72
2024-04-09 06:00:00,8556810.33
2024-04-09 07:00:00,8649899.56
2024-04-09 08:00:00,9064580.4
2024-04-09 09:00:00,9507384.09
2024-04-09 10:00:00,9772567.93
2024-04-09 11:00:00,10187362.94
2024-04-09 12:00:00,10464880.49
2024-04-09 13:00:00,10418499.86
2024-04-09 14:00:00,10537311.29
2024-04-09 15:00:00,10735667.63
2024-04-09 16:00:00,10776453.43
2024-04-09 17:00:00,10602029.16
2024-04-09 18:00:00,10267435.64
2024-04-09 19:00:00,10731562.31
2024-04-09 20:00:00,10908057.79
2024-04-09 21:00:00,10721728.27
2024-04-09 22:00:00,10271822.07
2024-04-09 23:00:00,9656690.3
2024-04-10 00:00:00,9077226.42
2024-04-10 01:00:00,8785306.07
2024-04-10 02:00:00,8488947.69
2024-04-10 03:00:00,8338972.76
2024-04-10 04:00:00,8246665.5
2024-04-10 05:00:00,8353927.25
2024-04-10 06:00:00,8745474.32
2024-04-10 07:00:00,8824691.66
2024-04-10 08:00:00,9278955.04
2024-04-10 09:00:00,9718262.38
2024-04-10 10:00:00,9933451.53
2024-04-10 11:00:00,10271924.7
2024-04-10 12:00:00,10510110.35
2024-04-10 13:00:00,10448532.64
2024-04-10 14:00:00,10627574.07
2024-04-10 15:00:00,10863678.74
2024-04-10 16:00:00,10932901.6
2024-04-10 17:00:00,10819630.55
2024-04-10 18:00:00,10420282.76
2024-04-10 19:00:00,10914694.38
2024-04-10 20:00:00,11147044.54
2024-04-10 21:00:00,10937429.01
2024-04-10 22:00:00,10510749.73
2024-04-10 23:00:00,9856606.41
2024-04-11 00:00:00,9296120.56
2024-04-11 01:00:00,8986727.53
2024-04-11 02:00:00,8686600.83
2024-04-11 03:00:00,8447548.8
2024-04-11 04:00:00,8329765.58
2024-04-11 05:00:00,8529992.28
2024-04-11 06:00:00,8845688.27
2024-04-11 07:00:00,9026412.43
2024-04-11 08:00:00,9473923.76
2024-04-11 09:00:00,9756569.85
2024-04-11 10:00:00,10011073.03
2024-04-11 11:00:00,10416546.24
2024-04-11 12:00:00,10748966.3
2024-04-11 13:00:00,10666071.95
2024-04-11 14:00:00,10856607.14
2024-04-11 15:00:00,11057595.68
2024-04-11 16:00:00,11080505.89
2024-04-11 17:00:00,10979437.17
2024-04-11 18:00:00,10626874.78
2024-04-11 19:00:00,11125705.66
2024-04-11 20:00:00,11348528.37
2024-04-11 21:00:00,11150734.75
2024-04-11 22:00:00,10689651.99
2024-04-11 23:00:00,10037415.92
2024-04-12 00:00:00,9455663.18
2024-04-12 01:00:00,8951356.7
2024-04-12 02:00:00,8650388.68
2024-04-12 03:00:00,8408236.08
2024-04-12 04:00:00,8286026.23
2024-04-12 05:00:00,8420856.04
2024-04-12 06:00:00,8762933.18
2024-04-12 07:00:00,8889434.56
2024-04-12 08:00:00,9341828.59
2024-04-12 09:00:00,9752535.93
2024-04-12 10:00:00,10089369.99
2024-04-12 11:00:00,10427916.46
2024-04-12 12:00:00,10711945.02
2024-04-12 13:00:00,10679901.31
2024-04-12 14:00:00,10892679.2
2024-04-12 15:00:00,11099864.53
2024-04-12 16:00:00,11095807.21
2024-04-12 17:00:00,10944878.89
2024-04-12 18:00:00,10627750.37
2024-04-12 19:00:00,11020614.12
2024-04-12 20:00:00,11171763.25
2024-04-12 21:00:00,10988269.37
2024-04-12 22:00:00,10545821.89
2024-04-12 23:00:00,9991306.36
2024-04-13 00:00:00,9458055.02
2024-04-13 01:00:00,9012778.57
2024-04-13 02:00:00,8676758.59
2024-04-13 03:00:00,8386641.67
2024-04-13 04:00:00,8204744.82
2024-04-13 05:00:00,8200603.86
2024-04-13 06:00:00,8256482.7
2024-04-13 07:00:00,8354902.89
2024-04-13 08:00:00,8892703.83
2024-04-13 09:00:00,9417451.18
2024-04-13 10:00:00,9766588.11
2024-04-13 11:00:00,10077598.72
2024-04-13 12:00:00,10278465.4
2024-04-13 13:00:00,10247262.36
2024-04-13 14:00:00,10198257.56
2024-04-13 15:00:00,10168395.56
2024-04-13 16:00:00,10087415.3
2024-04-13 17:00:00,9957144.89
2024-04-13 18:00:00,9881273.77
2024-04-13 19:00:00,10440986.43
2024-04-13 20:00:00,10496677.52
2024-04-13 21:00:00,10193360.78
2024-04-13 22:00:00,9797857.84
2024-04-13 23:00:00,9354676.42
2024-04-14 00:00:00,8936385.53
2024-04-14 01:00:00,8573757.68
2024-04-14 02:00:00,8245122.67
2024-04-14 03:00:00,8002352.03
2024-04-14 04:00:00,7806123.07
2024-04-14 05:00:00,7696168.26
2024-04-14 06:00:00,7520297.9
2024-04-14 07:00:00,7325385.84
2024-04-14 08:00:00,7591016.79
2024-04-14 09:00:00,7889229.01
2024-04-14 10:00:00,8202778.0
2024-04-14 11:00:00,8501795.91
2024-04-14 12:00:00,8747024.79
2024-04-14 13:00:00,8911325.03
2024-04-14 14:00:00,8973865.4
2024-04-14 15:00:00,8953102.66
2024-04-14 16:00:00,8944107.43
2024-04-14 17:00:00,8899238.58
2024-04-14 18:00:00,8879458.17
2024-04-14 19:00:00,9562383.9
2024-04-14 20:00:00,9850302.37
2024-04-14 21:00:00,9794144.22
2024-04-14 22:00:00,9569206.37
2024-04-14 23:00:00,9168012.05
2024-04-15 00:00:00,8700459.52
2024-04-15 01:00:00,8315480.89
2024-04-15 02:00:00,8025586.3
2024-04-15 03:00:00,7829952.22
2024-04-15 04:00:00,7748145.73
2024-04-15 05:00:00,7911556.73
2024-04-15 06:00:00,8320556.35
2024-04-15 07:00:00,8503358.87
2024-04-15 08:00:00,9040814.98
2024-04-15 09:00:00,9592620.39
2024-04-15 10:00:00,9882070.65
2024-04-15 11:00:00,10244705.89
2024-04-15 12:00:00,10586432.21
2024-04-15 13:00:00,10520857.98
2024-04-15 14:00:00,10647533.92
2024-04-15 15:00:00,10940546.59
2024-04-15 16:00:00,10961905.41
2024-04-15 17:00:00,10806841.65
2024-04-15 18:00:00,10467728.5
2024-04-15 19:00:00,10837865.6
2024-04-15 20:00:00,11017562.21
2024-04-15 21:00:00,10852564.02
2024-04-15 22:00:00,10414073.11
2024-04-15 23:00:00,9769785.38
2024-04-16 00:00:00,9218399.89
2024-04-16 01:00:00,8782342.47
2024-04-16 02:00:00,8494877.84
2024-04-16 03:00:00,8253035.66
2024-04-16 04:00:00,8139456.02
2024-04-16 05:00:00,8274854.56
2024-04-16 06:00:00,8649963.03
2024-04-16 07:00:00,8732956.68
2024-04-16 08:00:00,9245848.77
2024-04-16 09:00:00,9645830.37
2024-04-16 10:00:00,9937970.57
2024-04-16 11:00:00,10298700.5
2024-04-16 12:00:00,10613804.88
2024-04-16 13:00:00,10539518.56
2024-04-16 14:00:00,10731337.03
2024-04-16 15:00:00,10997913.25
2024-04-16 16:00:00,11045631.28
2024-04-16 17:00:00,10901946.5
2024-04-16 18:00:00,10540761.18
2024-04-16 19:00:00,10937580.05
2024-04-16 20:00:00,11154175.34
2024-04-16 21:00:00,10964067.31
2024-04-16 22:00:00,10517893.58
2024-04-16 23:00:00,9902228.69
2024-04-17 00:00:00,9299249.21
2024-04-17 01:00:00,8842211.92
2024-04-17 02:00:00,8552336.24
2024-04-17 03:00:00,8311788.35
2024-04-17 04:00:00,8231966.17
2024-04-17 05:00:00,8351607.55
2024-04-17 06:00:00,8691645.4
2024-04-17 07:00:00,8794179.03
2024-04-17 08:00:00,9303854.21
2024-04-17 09:00:00,9721216.01
2024-04-17 10:00:00,9995293.84
2024-04-17 11:00:00,10273249.27
2024-04-17 12:00:00,10560925.05
2024-04-17 13:00:00,10514725.31
2024-04-17 14:00:00,10651745.78
2024-04-17 15:00:00,10860118.22
2024-04-17 16:00:00,10910241.71
2024-04-17 17:00:00,10787632.7
2024-04-17 18:00:00,10460052.36
2024-04-17 19:00:00,10909233.13
2024-04-17 20:00:00,11033701.72
2024-04-17 21:00:00,10801182.55
2024-04-17 22:00:00,10317881.73
2024-04-17 23:00:00,9763244.27
2024-04-18 00:00:00,9149480.85
2024-04-18 01:00:00,8675705.94
2024-04-18 02:00:00,8364408.26
2024-04-18 03:00:00,8165640.25
2024-04-18 04:00:00,8053676.39
2024-04-18 05:00:00,8207984.67
2024-04-18 06:00:00,8635546.97
2024-04-18 07:00:00,8748870.1
2024-04-18 08:00:00,9237922.5
2024-04-18 09:00:00,9611742.74
2024-04-18 10:00:00,9852839.04
2024-04-18 11:00:00,10267970.2
2024-04-18 12:00:00,10519037.48
2024-04-18 13:00:00,10471610.03
2024-04-18 14:00:00,10613503.76
2024-04-18 15:00:00,10737843.53
2024-04-18 16:00:00,10778633.69
2024-04-18 17:00:00,10569654.72
2024-04-18 18:00:00,10293830.97
2024-04-18 19:00:00,10733796.86
2024-04-18 20:00:00,10862302.91
2024-04-18 21:00:00,10667798.05
2024-04-18 22:00:00,10227945.9
2024-04-18 23:00:00,9624430.71
2024-04-19 00:00:00,9033802.24
2024-04-19 01:00:00,8590351.4
2024-04-19 02:00:00,8307807.06
2024-04-19 03:00:00,8097596.55
2024-04-19 04:00:00,7980747.57
2024-04-19 05:00:00,8126280.11
2024-04-19 06:00:00,8476472.03
2024-04-19 07:00:00,8627787.0
2024-04-19 08:00:00,9030199.72
2024-04-19 09:00:00,9421324.75
2024-04-19 10:00:00,9727926.49
2024-04-19 11:00:00,10020593.96
2024-04-19 12:00:00,10336312.85
2024-04-19 13:00:00,10280588.51
2024-04-19 14:00:00,10326119.57
2024-04-19 15:00:00,10489722.18
2024-04-19 16:00:00,10435123.91
2024-04-19 17:00:00,10252000.96
2024-04-19 18:00:00,10030458.17
2024-04-19 19:00:00,10513247.62
2024-04-19 20:00:00,10603444.65
2024-04-19 21:00:00,10407226.27
2024-04-19 22:00:00,9958119.71
2024-04-19 23:00:00,9442990.52
2024-04-20 00:00:00,8916317.51
2024-04-20 01:00:00,8535035.34
2024-04-20 02:00:00,8226658.66
2024-04-20 03:00:00,8000097.67
2024-04-20 04:00:00,7875206.32
2024-04-20 05:00:00,7894401.25
2024-04-20 06:00:00,7950147.35
2024-04-20 07:00:00,8059592.64
2024-04-20 08:00:00,8584713.09
2024-04-20 09:00:00,9027527.87
2024-04-20 10:00:00,9376078.99
2024-04-20 11:00:00,9684327.39
2024-04-20 12:00:00,9913411.33
2024-04-20 13:00:00,9881603.32
2024-04-20 14:00:00,9794327.96
2024-04-20 15:00:00,9770554.27
2024-04-20 16:00:00,9687967.09
2024-04-20 17:00:00,9544562.63
2024-04-20 18:00:00,9490546.29
2024-04-20 19:00:00,10071804.14
2024-04-20 20:00:00,10120690.62
2024-04-20 21:00:00,9843226.14
2024-04-20 22:00:00,9478106.35
2024-04-20 23:00:00,9068188.51
2024-04-21 00:00:00,8614930.47
2024-04-21 01:00:00,8185032.36
2024-04-21 02:00:00,7908853.46
2024-04-21 03:00:00,7638830.41
2024-04-21 04:00:00,7451637.14
2024-04-21 05:00:00,7369884.17
2024-04-21 06:00:00,7264243.91
2024-04-21 07:00:00,7137799.74
2024-04-21 08:00:00,7382736.56
2024-04-21 09:00:00,7653410.27
2024-04-21 10:00:00,7877716.51
2024-04-21 11:00:00,8119449.47
2024-04-21 12:00:00,8378071.72
2024-04-21 13:00:00,8577101.81
2024-04-21 14:00:00,8615584.15
2024-04-21 15:00:00,8583857.33
2024-04-21 16:00:00,8483302.13
2024-04-21 17:00:00,8410385.13
2024-04-21 18:00:00,8451227.37
2024-04-21 19:00:00,9180342.7
2024-04-21 20:00:00,9471309.76
2024-04-21 21:00:00,9369060.66
2024-04-21 22:00:00,9098907.27
2024-04-21 23:00:00,8681680.8
2024-04-22 00:00:00,8229124.31
2024-04-22 01:00:00,7867222.46
2024-04-22 02:00:00,7632669.3
2024-04-22 03:00:00,7467309.43
2024-04-22 04:00:00,7383947.8
2024-04-22 05:00:00,7580966.79
2024-04-22 06:00:00,8029292.63
2024-04-22 07:00:00,8202089.19
2024-04-22 08:00:00,8680456.31
2024-04-22 09:00:00,9114785.07
2024-04-22 10:00:00,9373428.81
2024-04-22 11:00:00,9634246.46
2024-04-22 12:00:00,9897365.48
2024-04-22 13:00:00,9793773.2
2024-04-22 14:00:00,9811805.32
2024-04-22 15:00:00,9957951.61
2024-04-22 16:00:00,9957554.2
2024-04-22 17:00:00,9889099.92
2024-04-22 18:00:00,9693299.1
2024-04-22 19:00:00,10169842.57
2024-04-22 20:00:00,10288471.17
2024-04-22 21:00:00,10053295.35
2024-04-22 22:00:00,9580180.21
2024-04-22 23:00:00,8920419.69
2024-04-23 00:00:00,8390102.09
2024-04-23 01:00:00,8025330.77
2024-04-23 02:00:00,7780511.5
2024-04-23 03:00:00,7627010.87
2024-04-23 04:00:00,7564284.1
2024-04-23 05:00:00,7760487.38
2024-04-23 06:00:00,8213273.0
2024-04-23 07:00:00,8330857.39
2024-04-23 08:00:00,8744480.15
2024-04-23 09:00:00,9096507.34
2024-04-23 10:00:00,9366435.82
2024-04-23 11:00:00,9684877.41
2024-04-23 12:00:00,9937548.36
2024-04-23 13:00:00,9940631.32
2024-04-23 14:00:00,10072703.9
2024-04-23 15:00:00,10338792.12
2024-04-23 16:00:00,10370089.85
2024-04-23 17:00:00,10258199.75
2024-04-23 18:00:00,9962595.55
2024-04-23 19:00:00,10470112.35
2024-04-23 20:00:00,10631173.08
2024-04-23 21:00:00,10405670.72
2024-04-23 22:00:00,9960223.27
2024-04-23 23:00:00,9330784.95
2024-04-24 00:00:00,8781401.41
2024-04-24 01:00:00,8307290.29
2024-04-24 02:00:00,8044909.5
2024-04-24 03:00:00,7823918.43
2024-04-24 04:00:00,7764427.97
2024-04-24 05:00:00,7916017.18
2024-04-24 06:00:00,8334564.37
2024-04-24 07:00:00,8486241.61
2024-04-24 08:00:00,8934788.41
2024-04-24 09:00:00,9310245.62
2024-04-24 10:00:00,9555723.95
2024-04-24 11:00:00,9938180.48
2024-04-24 12:00:00,10182342.84
2024-04-24 13:00:00,10161136.73
2024-04-24 14:00:00,10352423.94
2024-04-24 15:00:00,10556529.02
2024-04-24 16:00:00,10604680.61
2024-04-24 17:00:00,10433675.85
2024-04-24 18:00:00,10089324.47
2024-04-24 19:00:00,10673216.32
2024-04-24 20:00:00,10847507.19
2024-04-24 21:00:00,10661955.55
2024-04-24 22:00:00,10183258.91
2024-04-24 23:00:00,9506955.62
2024-04-25 00:00:00,8926221.82
2024-04-25 01:00:00,8484404.75
2024-04-25 02:00:00,8212000.5
2024-04-25 03:00:00,7999285.76
2024-04-25 04:00:00,7903063.83
2024-04-25 05:00:00,8017883.63
2024-04-25 06:00:00,8386347.23
2024-04-25 07:00:00,8529100.94
2024-04-25 08:00:00,8981683.24
2024-04-25 09:00:00,9352539.19
2024-04-25 10:00:00,9610160.41
2024-04-25 11:00:00,9997907.04
2024-04-25 12:00:00,10311860.52
2024-04-25 13:00:00,10291877.86
2024-04-25 14:00:00,10422925.66
2024-04-25 15:00:00,10564188.91
2024-04-25 16:00:00,10536741.16
2024-04-25 17:00:00,10400755.05
2024-04-25 18:00:00,10172260.48
2024-04-25 19:00:00,10650945.24
2024-04-25 20:00:00,10739714.69
2024-04-25 21:00:00,10508005.65
2024-04-25 22:00:00,10045015.0
2024-04-25 23:00:00,9407967.07
2024-04-26 00:00:00,8849339.17
2024-04-26 01:00:00,8391948.45
2024-04-26 02:00:00,8072238.53
2024-04-26 03:00:00,7840647.94
2024-04-26 04:00:00,7731573.7
2024-04-26 05:00:00,7893827.83
2024-04-26 06:00:00,8261760.55
2024-04-26 07:00:00,8408474.26
2024-04-26 08:00:00,8859701.53
2024-04-26 09:00:00,9250470.23
2024-04-26 10:00:00,9478887.62
2024-04-26 11:00:00,9770672.53
2024-04-26 12:00:00,9949386.14
2024-04-26 13:00:00,9808640.89
2024-04-26 14:00:00,9884949.4
2024-04-26 15:00:00,10053819.9
2024-04-26 16:00:00,10055066.49
2024-04-26 17:00:00,9950740.3
2024-04-26 18:00:00,9699709.84
2024-04-26 19:00:00,10123201.26
2024-04-26 20:00:00,10235627.55
2024-04-26 21:00:00,10028414.31
2024-04-26 22:00:00,9620434.42
2024-04-26 23:00:00,9128121.74
2024-04-27 00:00:00,8637907.12
2024-04-27 01:00:00,8270396.21
2024-04-27 02:00:00,7997359.69
2024-04-27 03:00:00,7794077.74
2024-04-27 04:00:00,7666873.06
2024-04-27 05:00:00,7673743.35
2024-04-27 06:00:00,7736439.68
2024-04-27 07:00:00,7942615.17
2024-04-27 08:00:00,8479465.78
2024-04-27 09:00:00,8880727.94
2024-04-27 10:00:00,9295098.35
2024-04-27 11:00:00,9501526.51
2024-04-27 12:00:00,9764886.97
2024-04-27 13:00:00,9701875.59
2024-04-27 14:00:00,9622374.11
2024-04-27 15:00:00,9530058.81
2024-04-27 16:00:00,9475526.57
2024-04-27 17:00:00,9369117.26
2024-04-27 18:00:00,9307018.47
2024-04-27 19:00:00,9872021.26
2024-04-27 20:00:00,9903857.51
2024-04-27 21:00:00,9642177.02
2024-04-27 22:00:00,9235176.58
2024-04-27 23:00:00,8796589.51
2024-04-28 00:00:00,8388768.41
2024-04-28 01:00:00,8022050.0
2024-04-28 02:00:00,7698474.06
2024-04-28 03:00:00,7370229.96
2024-04-28 04:00:00,7163931.55
2024-04-28 05:00:00,7062129.16
2024-04-28 06:00:00,6940685.59
2024-04-28 07:00:00,6792730.51
2024-04-28 08:00:00,7059396.53
2024-04-28 09:00:00,7364396.5
2024-04-28 10:00:00,7646584.52
2024-04-28 11:00:00,7890503.31
2024-04-28 12:00:00,8163850.89
2024-04-28 13:00:00,8350569.3
2024-04-28 14:00:00,8351479.16
2024-04-28 15:00:00,8251531.98
2024-04-28 16:00:00,8247326.4
2024-04-28 17:00:00,8273725.66
2024-04-28 18:00:00,8258765.64
2024-04-28 19:00:00,8915091.62
2024-04-28 20:00:00,9167022.99
2024-04-28 21:00:00,9066048.94
2024-04-28 22:00:00,8835945.2
2024-04-28 23:00:00,8429356.54
2024-04-29 00:00:00,7991112.64
2024-04-29 01:00:00,7657128.21
2024-04-29 02:00:00,7462905.24
2024-04-29 03:00:00,7329627.67
2024-04-29 04:00:00,7262801.57
2024-04-29 05:00:00,7462727.17
2024-04-29 06:00:00,7897715.26
2024-04-29 07:00:00,8117731.65
2024-04-29 08:00:00,8635863.05
2024-04-29 09:00:00,9026718.01
2024-04-29 10:00:00,9312058.16
2024-04-29 11:00:00,9627297.12
2024-04-29 12:00:00,9910476.65
2024-04-29 13:00:00,9855989.69
2024-04-29 14:00:00,9997084.09
2024-04-29 15:00:00,10223983.19
2024-04-29 16:00:00,10236969.88
2024-04-29 17:00:00,10172363.2
2024-04-29 18:00:00,9913333.24
2024-04-29 19:00:00,10385664.72
2024-04-29 20:00:00,10589158.7
2024-04-29 21:00:00,10374298.7
2024-04-29 22:00:00,9973266.81
2024-04-29 23:00:00,9343423.21
2024-04-30 00:00:00,8729243.53
2024-04-30 01:00:00,8236678.62
2024-04-30 02:00:00,7975321.32
2024-04-30 03:00:00,7806126.13
2024-04-30 04:00:00,7713079.47
2024-04-30 05:00:00,7889583.83
2024-04-30 06:00:00,8242249.9
2024-04-30 07:00:00,8409902.27
2024-04-30 08:00:00,8882912.91
2024-04-30 09:00:00,9314350.79
2024-04-30 10:00:00,9627955.68
2024-04-30 11:00:00,10408052.49
2024-04-30 12:00:00,10671818.55
2024-04-30 13:00:00,10646620.46
2024-04-30 14:00:00,10820791.01
2024-04-30 15:00:00,11012114.89
2024-04-30 16:00:00,10883789.05
2024-04-30 17:00:00,10771373.09
2024-04-30 18:00:00,10470709.24
2024-04-30 19:00:00,10826515.34
2024-04-30 20:00:00,10911710.2
2024-04-30 21:00:00,10696054.8
2024-04-30 22:00:00,10277638.4
2024-04-30 23:00:00,9475020.25
2024-05-01 00:00:00,8889244.71
2024-05-01 01:00:00,8316352.63
2024-05-01 02:00:00,8027015.71
2024-05-01 03:00:00,7815724.85
2024-05-01 04:00:00,7686422.48
2024-05-01 05:00:00,7645953.36
2024-05-01 06:00:00,7526467.68
2024-05-01 07:00:00,7420516.36
2024-05-01 08:00:00,7854096.67
2024-05-01 09:00:00,8282572.96
2024-05-01 10:00:00,8697480.67
2024-05-01 11:00:00,9119529.36
2024-05-01 12:00:00,9501206.89
2024-05-01 13:00:00,9643629.08
2024-05-01 14:00:00,9664637.21
2024-05-01 15:00:00,9660810.57
2024-05-01 16:00:00,9594631.32
2024-05-01 17:00:00,9481817.69
2024-05-01 18:00:00,9469097.41
2024-05-01 19:00:00,10132633.73
2024-05-01 20:00:00,10371111.94
2024-05-01 21:00:00,10248723.49
2024-05-01 22:00:00,9964672.81
2024-05-01 23:00:00,9297778.22
2024-05-02 00:00:00,8699335.68
2024-05-02 01:00:00,8265155.42
2024-05-02 02:00:00,7990006.71
2024-05-02 03:00:00,7802208.9
2024-05-02 04:00:00,7704277.74
2024-05-02 05:00:00,7887085.48
2024-05-02 06:00:00,8295761.8
2024-05-02 07:00:00,8478638.57
2024-05-02 08:00:00,8948671.5
2024-05-02 09:00:00,9414195.95
2024-05-02 10:00:00,9645734.97
2024-05-02 11:00:00,10090333.54
2024-05-02 12:00:00,10360555.32
2024-05-02 13:00:00,10324147.89
2024-05-02 14:00:00,10495514.2
2024-05-02 15:00:00,10671079.6
2024-05-02 16:00:00,10660332.41
2024-05-02 17:00:00,10537744.81
2024-05-02 18:00:00,10255175.75
2024-05-02 19:00:00,10733886.32
2024-05-02 20:00:00,10928050.89
2024-05-02 21:00:00,10745035.81
2024-05-02 22:00:00,10309624.79
2024-05-02 23:00:00,9499454.84
2024-05-03 00:00:00,8868298.31
2024-05-03 01:00:00,8359640.2
2024-05-03 02:00:00,8077173.51
2024-05-03 03:00:00,7888103.14
2024-05-03 04:00:00,7786889.61
2024-05-03 05:00:00,7955234.87
2024-05-03 06:00:00,8310370.91
2024-05-03 07:00:00,8444532.83
2024-05-03 08:00:00,8975093.41
2024-05-03 09:00:00,9433028.67
2024-05-03 10:00:00,9893642.21
2024-05-03 11:00:00,10235899.91
2024-05-03 12:00:00,10534641.05
2024-05-03 13:00:00,10428886.29
2024-05-03 14:00:00,10448130.83
2024-05-03 15:00:00,10649892.86
2024-05-03 16:00:00,10630911.7
2024-05-03 17:00:00,10488233.56
2024-05-03 18:00:00,10163480.45
2024-05-03 19:00:00,10593400.69
2024-05-03 20:00:00,10726214.29
2024-05-03 21:00:00,10563556.66
2024-05-03 22:00:00,10162831.91
2024-05-03 23:00:00,9540477.4
2024-05-04 00:00:00,9031972.99
2024-05-04 01:00:00,8489945.88
2024-05-04 02:00:00,8179440.11
2024-05-04 03:00:00,7955247.95
2024-05-04 04:00:00,7813388.96
2024-05-04 05:00:00,7780409.75
2024-05-04 06:00:00,7829229.55
2024-05-04 07:00:00,7985748.82
2024-05-04 08:00:00,8540159.34
2024-05-04 09:00:00,8984512.18
2024-05-04 10:00:00,9284616.73
2024-05-04 11:00:00,9582678.8
2024-05-04 12:00:00,9705874.35
2024-05-04 13:00:00,9599267.35
2024-05-04 14:00:00,9432111.97
2024-05-04 15:00:00,9331951.33
2024-05-04 16:00:00,9281940.04
2024-05-04 17:00:00,9196722.82
2024-05-04 18:00:00,9158265.53
2024-05-04 19:00:00,9695446.67
2024-05-04 20:00:00,9889165.04
2024-05-04 21:00:00,9642009.39
2024-05-04 22:00:00,9304594.82
2024-05-04 23:00:00,8805582.5
2024-05-05 00:00:00,8347253.23
2024-05-05 01:00:00,7850879.02
2024-05-05 02:00:00,7548279.44
2024-05-05 03:00:00,7296401.99
2024-05-05 04:00:00,7128080.99
2024-05-05 05:00:00,7092096.78
2024-05-05 06:00:00,6983719.83
2024-05-05 07:00:00,6864987.2
2024-05-05 08:00:00,7282615.73
2024-05-05 09:00:00,7705988.87
2024-05-05 10:00:00,8007886.71
2024-05-05 11:00:00,8273440.55
2024-05-05 12:00:00,8558214.09
2024-05-05 13:00:00,8697550.08
2024-05-05 14:00:00,8704148.09
2024-05-05 15:00:00,8692609.61
2024-05-05 16:00:00,8676630.04
2024-05-05 17:00:00,8652162.75
2024-05-05 18:00:00,8674684.44
2024-05-05 19:00:00,9334434.31
2024-05-05 20:00:00,9562091.27
2024-05-05 21:00:00,9479628.9
2024-05-05 22:00:00,9226138.25
2024-05-05 23:00:00,8821824.18
2024-05-06 00:00:00,8320446.38
2024-05-06 01:00:00,7960397.92
2024-05-06 02:00:00,7740551.67
2024-05-06 03:00:00,7555660.48
2024-05-06 04:00:00,7496975.57
2024-05-06 05:00:00,7668489.43
2024-05-06 06:00:00,8125206.82
2024-05-06 07:00:00,8335661.11
2024-05-06 08:00:00,8838888.71
2024-05-06 09:00:00,9439572.72
2024-05-06 10:00:00,9760061.43
2024-05-06 11:00:00,10173831.55
2024-05-06 12:00:00,10525705.15
2024-05-06 13:00:00,10480663.26
2024-05-06 14:00:00,10603359.66
2024-05-06 15:00:00,10811965.67
2024-05-06 16:00:00,10876319.98
2024-05-06 17:00:00,10693201.86
2024-05-06 18:00:00,10404518.77
2024-05-06 19:00:00,10809528.54
2024-05-06 20:00:00,11037015.14
2024-05-06 21:00:00,10828524.81
2024-05-06 22:00:00,10415639.81
2024-05-06 23:00:00,9767131.6
2024-05-07 00:00:00,8941768.38
2024-05-07 01:00:00,8483658.94
2024-05-07 02:00:00,8197714.71
2024-05-07 03:00:00,7964139.24
2024-05-07 04:00:00,7842344.38
2024-05-07 05:00:00,8000088.71
2024-05-07 06:00:00,8375300.47
2024-05-07 07:00:00,8496211.89
2024-05-07 08:00:00,8903278.0
2024-05-07 09:00:00,9490422.22
2024-05-07 10:00:00,9800992.19
2024-05-07 11:00:00,10210982.12
2024-05-07 12:00:00,10476564.79
2024-05-07 13:00:00,10431072.78
2024-05-07 14:00:00,10562664.46
2024-05-07 15:00:00,10823721.18
2024-05-07 16:00:00,10812300.65
2024-05-07 17:00:00,10645889.85
2024-05-07 18:00:00,10354498.52
2024-05-07 19:00:00,10840605.94
2024-05-07 20:00:00,10966898.11
2024-05-07 21:00:00,10812690.72
2024-05-07 22:00:00,10301323.2
2024-05-07 23:00:00,9704794.96
2024-05-08 00:00:00,8826565.7
2024-05-08 01:00:00,8345042.35
2024-05-08 02:00:00,8101766.58
2024-05-08 03:00:00,7943467.1
2024-05-08 04:00:00,7847030.18
2024-05-08 05:00:00,8011595.82
2024-05-08 06:00:00,8388703.83
2024-05-08 07:00:00,8538262.61
2024-05-08 08:00:00,8964699.6
2024-05-08 09:00:00,9577829.37
2024-05-08 10:00:00,9714156.3
2024-05-08 11:00:00,10088889.69
2024-05-08 12:00:00,10350265.32
2024-05-08 13:00:00,10243906.68
2024-05-08 14:00:00,10281512.15
2024-05-08 15:00:00,10544531.29
2024-05-08 16:00:00,10570589.13
2024-05-08 17:00:00,10450110.89
2024-05-08 18:00:00,10239756.3
2024-05-08 19:00:00,10796526.25
2024-05-08 20:00:00,10965725.37
2024-05-08 21:00:00,10730992.3
2024-05-08 22:00:00,10275546.56
2024-05-08 23:00:00,9594120.16
2024-05-09 00:00:00,8891918.74
2024-05-09 01:00:00,8332869.57
2024-05-09 02:00:00,8025396.5
2024-05-09 03:00:00,7821836.51
2024-05-09 04:00:00,7716084.86
2024-05-09 05:00:00,7908273.29
2024-05-09 06:00:00,8298437.08
2024-05-09 07:00:00,8439590.93
2024-05-09 08:00:00,8926427.65
2024-05-09 09:00:00,9347672.54
2024-05-09 10:00:00,9613270.93
2024-05-09 11:00:00,9854105.26
2024-05-09 12:00:00,10000141.68
2024-05-09 13:00:00,9915146.45
2024-05-09 14:00:00,9967843.81
2024-05-09 15:00:00,10105705.15
2024-05-09 16:00:00,10094043.73
2024-05-09 17:00:00,10015084.11
2024-05-09 18:00:00,9820737.53
2024-05-09 19:00:00,10513451.09
2024-05-09 20:00:00,10622480.57
2024-05-09 21:00:00,10388016.63
2024-05-09 22:00:00,9708916.52
2024-05-09 23:00:00,9050997.09
2024-05-10 00:00:00,8532796.9
2024-05-10 01:00:00,8107265.19
2024-05-10 02:00:00,7852020.37
2024-05-10 03:00:00,7682999.06
2024-05-10 04:00:00,7596553.66
2024-05-10 05:00:00,7778720.95
2024-05-10 06:00:00,8159811.7
2024-05-10 07:00:00,8347024.6
2024-05-10 08:00:00,8843031.33
2024-05-10 09:00:00,9284343.48
2024-05-10 10:00:00,9549588.21
2024-05-10 11:00:00,9963498.14
2024-05-10 12:00:00,10233575.86
2024-05-10 13:00:00,10166072.35
2024-05-10 14:00:00,10239516.5
2024-05-10 15:00:00,10502706.01
2024-05-10 16:00:00,10530610.73
2024-05-10 17:00:00,10343549.13
2024-05-10 18:00:00,10034004.31
2024-05-10 19:00:00,10699272.77
2024-05-10 20:00:00,10833480.53
2024-05-10 21:00:00,10646452.04
2024-05-10 22:00:00,10257551.18
2024-05-10 23:00:00,9553566.2
2024-05-11 00:00:00,8992621.78
2024-05-11 01:00:00,8560939.44
2024-05-11 02:00:00,8208654.76
2024-05-11 03:00:00,8009488.31
2024-05-11 04:00:00,7861988.49
2024-05-11 05:00:00,7859479.97
2024-05-11 06:00:00,7886888.5
2024-05-11 07:00:00,8035978.68
2024-05-11 08:00:00,8526915.4
2024-05-11 09:00:00,9025314.61
2024-05-11 10:00:00,9393940.34
2024-05-11 11:00:00,9714746.96
2024-05-11 12:00:00,9921036.22
2024-05-11 13:00:00,9878184.93
2024-05-11 14:00:00,9810424.24
2024-05-11 15:00:00,9731995.1
2024-05-11 16:00:00,9669556.04
2024-05-11 17:00:00,9590093.29
2024-05-11 18:00:00,9501830.23
2024-05-11 19:00:00,10243747.23
2024-05-11 20:00:00,10353672.76
2024-05-11 21:00:00,10099328.77
2024-05-11 22:00:00,9575689.78
2024-05-11 23:00:00,9145979.9
2024-05-12 00:00:00,8668869.88
2024-05-12 01:00:00,8252843.99
2024-05-12 02:00:00,7931836.14
2024-05-12 03:00:00,7665837.03
2024-05-12 04:00:00,7464166.93
2024-05-12 05:00:00,7376899.93
2024-05-12 06:00:00,7249538.16
2024-05-12 07:00:00,7144782.39
2024-05-12 08:00:00,7438166.5
2024-05-12 09:00:00,7783887.63
2024-05-12 10:00:00,8035103.59
2024-05-12 11:00:00,8290755.69
2024-05-12 12:00:00,8480181.64
2024-05-12 13:00:00,8547111.85
2024-05-12 14:00:00,8461776.23
2024-05-12 15:00:00,8359097.93
2024-05-12 16:00:00,8324119.27
2024-05-12 17:00:00,8333084.37
2024-05-12 18:00:00,8361438.3
2024-05-12 19:00:00,8985157.24
2024-05-12 20:00:00,9201199.05
2024-05-12 21:00:00,9078041.08
2024-05-12 22:00:00,8898850.03
2024-05-12 23:00:00,8603597.92
2024-05-13 00:00:00,8227791.14
2024-05-13 01:00:00,7901450.92
2024-05-13 02:00:00,7628009.0
2024-05-13 03:00:00,7427353.31
2024-05-13 04:00:00,7272351.51
2024-05-13 05:00:00,7255079.91
2024-05-13 06:00:00,7155820.94
2024-05-13 07:00:00,7129456.33
2024-05-13 08:00:00,7485546.79
2024-05-13 09:00:00,7877981.37
2024-05-13 10:00:00,8232772.82
2024-05-13 11:00:00,8644324.37
2024-05-13 12:00:00,8946528.8
2024-05-13 13:00:00,9105328.19
2024-05-13 14:00:00,9187721.99
2024-05-13 15:00:00,9132263.78
2024-05-13 16:00:00,9093629.42
2024-05-13 17:00:00,9028873.4
2024-05-13 18:00:00,9005010.77
2024-05-13 19:00:00,9682751.95
2024-05-13 20:00:00,10027578.81
2024-05-13 21:00:00,9934245.16
2024-05-13 22:00:00,9645405.42
2024-05-13 23:00:00,9184876.46
2024-05-14 00:00:00,8693812.3
2024-05-14 01:00:00,8272677.18
2024-05-14 02:00:00,7999452.77
2024-05-14 03:00:00,7818544.58
2024-05-14 04:00:00,7737317.1
2024-05-14 05:00:00,7889102.32
2024-05-14 06:00:00,8194710.46
2024-05-14 07:00:00,8379643.72
2024-05-14 08:00:00,8956142.56
2024-05-14 09:00:00,9438041.49
2024-05-14 10:00:00,9715842.69
2024-05-14 11:00:00,10042487.75
2024-05-14 12:00:00,10342726.63
2024-05-14 13:00:00,10267235.23
2024-05-14 14:00:00,10416032.81
2024-05-14 15:00:00,10638046.4
2024-05-14 16:00:00,10588267.77
2024-05-14 17:00:00,10473757.63
2024-05-14 18:00:00,10180681.68
2024-05-14 19:00:00,10678063.21
2024-05-14 20:00:00,10814803.67
2024-05-14 21:00:00,10636151.25
2024-05-14 22:00:00,10184192.17
2024-05-14 23:00:00,9542607.99
2024-05-15 00:00:00,8972227.56
2024-05-15 01:00:00,8520406.11
2024-05-15 02:00:00,8242412.44
2024-05-15 03:00:00,8025590.47
2024-05-15 04:00:00,7929555.9
2024-05-15 05:00:00,8060193.15
2024-05-15 06:00:00,8415157.91
2024-05-15 07:00:00,8534465.16
2024-05-15 08:00:00,8981375.48
2024-05-15 09:00:00,9438641.34
2024-05-15 10:00:00,9698037.04
2024-05-15 11:00:00,10016653.55
2024-05-15 12:00:00,10260265.82
2024-05-15 13:00:00,10156246.7
2024-05-15 14:00:00,10203178.38
2024-05-15 15:00:00,10386061.6
2024-05-15 16:00:00,10402683.39
2024-05-15 17:00:00,10269815.07
2024-05-15 18:00:00,10016565.07
2024-05-15 19:00:00,10541164.27
2024-05-15 20:00:00,10735629.56
2024-05-15 21:00:00,10575306.35
2024-05-15 22:00:00,10156640.16
2024-05-15 23:00:00,9527638.67
2024-05-16 00:00:00,8946788.38
2024-05-16 01:00:00,8514369.39
2024-05-16 02:00:00,8227268.48
2024-05-16 03:00:00,8006510.48
2024-05-16 04:00:00,7901240.96
2024-05-16 05:00:00,8060810.76
2024-05-16 06:00:00,8396389.2
2024-05-16 07:00:00,8554085.14
2024-05-16 08:00:00,9024912.4
2024-05-16 09:00:00,9429971.25
2024-05-16 10:00:00,9769669.21
2024-05-16 11:00:00,10120075.6
2024-05-16 12:00:00,10361901.48
2024-05-16 13:00:00,10339595.13
2024-05-16 14:00:00,10495292.41
2024-05-16 15:00:00,10687510.48
2024-05-16 16:00:00,10671129.14
2024-05-16 17:00:00,10529025.42
2024-05-16 18:00:00,10242150.2
2024-05-16 19:00:00,10690817.85
2024-05-16 20:00:00,10854978.62
2024-05-16 21:00:00,10638270.11
2024-05-16 22:00:00,10206936.26
2024-05-16 23:00:00,9560071.01
2024-05-17 00:00:00,9002073.99
2024-05-17 01:00:00,8516868.6
2024-05-17 02:00:00,8243072.51
2024-05-17 03:00:00,8016581.08
2024-05-17 04:00:00,7893490.55
2024-05-17 05:00:00,8019211.56
2024-05-17 06:00:00,8264798.4
2024-05-17 07:00:00,8484156.35
2024-05-17 08:00:00,8971142.16
2024-05-17 09:00:00,9457874.6
2024-05-17 10:00:00,9781758.54
2024-05-17 11:00:00,10082369.75
2024-05-17 12:00:00,10393818.06
2024-05-17 13:00:00,10387026.78
2024-05-17 14:00:00,10629637.97
2024-05-17 15:00:00,10830490.99
2024-05-17 16:00:00,10790919.57
2024-05-17 17:00:00,10608802.36
2024-05-17 18:00:00,10318200.22
2024-05-17 19:00:00,10718438.82
2024-05-17 20:00:00,10865425.71
2024-05-17 21:00:00,10697626.26
2024-05-17 22:00:00,10198853.52
2024-05-17 23:00:00,9672969.34
2024-05-18 00:00:00,9148435.89
2024-05-18 01:00:00,8658167.8
2024-05-18 02:00:00,8323484.23
2024-05-18 03:00:00,8054895.98
2024-05-18 04:00:00,7931970.29
2024-05-18 05:00:00,7942173.69
2024-05-18 06:00:00,7974249.99
2024-05-18 07:00:00,8159251.88
2024-05-18 08:00:00,8640207.66
2024-05-18 09:00:00,9294098.58
2024-05-18 10:00:00,9729822.24
2024-05-18 11:00:00,10060885.82
2024-05-18 12:00:00,10247115.13
2024-05-18 13:00:00,10204303.18
2024-05-18 14:00:00,10125107.82
2024-05-18 15:00:00,10044386.36
2024-05-18 16:00:00,9949038.8
2024-05-18 17:00:00,9833503.86
2024-05-18 18:00:00,9770106.8
2024-05-18 19:00:00,10301501.62
2024-05-18 20:00:00,10376718.87
2024-05-18 21:00:00,10081038.27
2024-05-18 22:00:00,9704395.9
2024-05-18 23:00:00,9300351.48
2024-05-19 00:00:00,8889389.42
2024-05-19 01:00:00,8507163.89
2024-05-19 02:00:00,8179839.3
2024-05-19 03:00:00,7954174.63
2024-05-19 04:00:00,7765888.0
2024-05-19 05:00:00,7689486.98
2024-05-19 06:00:00,7483258.24
2024-05-19 07:00:00,7407547.01
2024-05-19 08:00:00,7705013.71
2024-05-19 09:00:00,8070033.15
2024-05-19 10:00:00,8425005.46
2024-05-19 11:00:00,8736321.55
2024-05-19 12:00:00,9012894.33
2024-05-19 13:00:00,9170480.82
2024-05-19 14:00:00,9221062.57
2024-05-19 15:00:00,9150607.32
2024-05-19 16:00:00,9033061.59
2024-05-19 17:00:00,8964039.92
2024-05-19 18:00:00,8988668.17
2024-05-19 19:00:00,9639352.18
2024-05-19 20:00:00,9936961.76
2024-05-19 21:00:00,9874963.51
2024-05-19 22:00:00,9627403.03
2024-05-19 23:00:00,9205069.27
2024-05-20 00:00:00,8754070.96
